title	,company,url
Geo Data Visualization Front-End Developer,Esri,https://stacoverflow.com/jobs/566041
Full Stack Developer,Mimacom,https://stacoverflow.com/jobs/556133
Senior Software Engineer - Where GovTech Meets FinTech,PayIt,https://stacoverflow.com/jobs/558419
Cloud Automation Engineer (m/w/d),Mimacom,https://stacoverflow.com/jobs/551994
"Software Developers for our offices in Berlin, Hamburg, Göttingen or Abingdon",Evotec SE,https://stacoverflow.com/jobs/524299
Frontend Developer:in (all genders),asgoodasnew electronics GmbH,https://stacoverflow.com/jobs/565657
Front-End Software Engineer,HENNGE K.K.,https://stacoverflow.com/jobs/381280
Python Developer (Remote),Finsera,https://stacoverflow.com/jobs/524065
Full-Stack Technical Lead,SSENSE,https://stacoverflow.com/jobs/521742
Software Engineer – Frontend / Fullstack (m/f/d) remote or on-site,HolidayCheck Group AG,https://stacoverflow.com/jobs/297720
(Junior) Full Stack Developer (m/w/d),MVZ Martinsried GmbH,https://stacoverflow.com/jobs/565919
Sr. Full Stack Engineer- Python,AutoTrader,https://stacoverflow.com/jobs/529021
"Full Stack Software Engineer, Business Integrity",ByteDance,https://stacoverflow.com/jobs/553099
Backend Software Engineer,Armored Things,https://stacoverflow.com/jobs/322319
Senior Front-end Developer (Remote),SORAMITSU,https://stacoverflow.com/jobs/522571
"Solution Lead (.NET Web Projects, Fully Remote)",BlueModus,https://stacoverflow.com/jobs/561219
Experienced Full-stack Web Engineer,Scoville,https://stacoverflow.com/jobs/529039
Senior Full Stack PHP Engineer (all genders),Goodgame Studios,https://stacoverflow.com/jobs/566009
Python Entwickler*in Remote (f/m/d),Ambient,https://stacoverflow.com/jobs/493874
"Senior/Front End Engineer, APAC",Coda Payments,https://stacoverflow.com/jobs/557316
"Senior Web Developer (.NET Web Projects, Fully Remote)",BlueModus,https://stacoverflow.com/jobs/565450
(Senior) Frontend Engineer | Angular or React | Barcelona,Dynatrace,https://stacoverflow.com/jobs/559775
JavaScript Developer - Location Analytics,Esri,https://stacoverflow.com/jobs/396325
React Front End Developer,"Daupler, Inc.",https://stacoverflow.com/jobs/523351
Senior WordPress Developer,Curotec,https://stacoverflow.com/jobs/550906
Senior Software Engineer (React),Higher Logic,https://stacoverflow.com/jobs/536301
(Senior) Frontend Engineer | Angular or React | Barcelona,Dynatrace,https://stacoverflow.com/jobs/559775
Geo Data Visualization Front-End Developer,Esri,https://stacoverflow.com/jobs/566041
React Front End Developer,"Daupler, Inc.",https://stacoverflow.com/jobs/523351
Vue.js Developer (Remote),X-Team,https://stacoverflow.com/jobs/534462
Remote Fullstack Entwicklerin (m/w/d),Ambient,https://stacoverflow.com/jobs/552969
Senior WordPress Developer,Curotec,https://stacoverflow.com/jobs/550906
Front End Software Engineer – HPC Products,DUG Technology,https://stacoverflow.com/jobs/528137
Software Engineer – JavaScript + React,zooplus AG,https://stacoverflow.com/jobs/545496
React Software Engineer @ Nozomi Networks,Nozomi Networks,https://stacoverflow.com/jobs/526403
Full-Stack Technical Lead,SSENSE,https://stacoverflow.com/jobs/521737
Senior Backend / Ruby on Rails Developer (Remote),iubenda,https://stacoverflow.com/jobs/557310
Full-Stack Technical Lead,SSENSE,https://stacoverflow.com/jobs/521742
"full-stack web developer (node.js, typescript)",code d'azur,https://stacoverflow.com/jobs/522428
Software Engineer (Migration),Odoo,https://stacoverflow.com/jobs/472407
Senior Software Engineer - Frontend,VIZIO,https://stacoverflow.com/jobs/522670
Software Developer - Webentwickler - Programmierer m/w/x,Jobcluster Deutschland GmbH,https://stacoverflow.com/jobs/561431
Sr. Full Stack Engineer- Python,AutoTrader,https://stacoverflow.com/jobs/529021
Experienced Full-stack Web Engineer,Scoville,https://stacoverflow.com/jobs/529039
"Front End Developer - Angular, JavaScript, jQuery, Agile, TypeScript",Mimecast,https://stacoverflow.com/jobs/376558
Javascript Software Engineer (Front End) - Unicorn,Gamesys Group,https://stacoverflow.com/jobs/559767
Pixel-Perfect Front End/React Developer -work Remotely for an Inc. 5000 Company!,OnePak Inc,https://stacoverflow.com/jobs/467318
Cloud Automation Engineer,tribe29 GmbH,https://stacoverflow.com/jobs/547843
Senior Full Stack Engineer at Leading Education Company,Tynker,https://stacoverflow.com/jobs/494562
Senior Full-Stack Developer (Remote),Slido,https://stacoverflow.com/jobs/519749
Python Web Application Developer (Entry or Mid Level),"Cipher Tech Solutions, Inc",https://stacoverflow.com/jobs/561032
Senior Frontend Software Engineer (m/f/d),zooplus AG,https://stacoverflow.com/jobs/524555
Staff Software Engineer - OPEN TO REMOTE,The RealReal,https://stacoverflow.com/jobs/530699
Software Entwickler*in OmniTracker (m/w/d),Stadtwerke München GmbH,https://stacoverflow.com/jobs/516837
Senior Software Engineer (React),Higher Logic,https://stacoverflow.com/jobs/536301
Javascript Software Engineer (Front End) - Unicorn,Gamesys Group,https://stacoverflow.com/jobs/559767
Software Allrounder (m/f/d),AnyDesk Software GmbH,https://stacoverflow.com/jobs/564248
Casino games frontend developer,Giocaonline s.r.l.,https://stacoverflow.com/jobs/512667
"Frontend Software Engineer, Customer Service Platform",ByteDance,https://stacoverflow.com/jobs/541573
Experienced Front End Engineer,AE nv/sa,https://stacoverflow.com/jobs/523553
Frontend Web Developer (m/w/d),EyeC GmbH,https://stacoverflow.com/jobs/408135
Data Engineer - Where GovTech and FinTech Meet,PayIt,https://stacoverflow.com/jobs/557203
Software Engineer - Frontend,ZALORA,https://stacoverflow.com/jobs/536783
"(Senior) Frontend Developer (m/w/d), Remote, Köln, Hamburg, Berlin od. Gütersloh",Schüttflix GmbH,https://stacoverflow.com/jobs/525579
Senior Backend Software Engineer (US Only),"Pie Insurance Holdings, Inc.",https://stacoverflow.com/jobs/545524
Senior Web/Mobile Developer (m/w/d),Lotum GmbH,https://stacoverflow.com/jobs/372988
UK-Based Remote Full Stack Web Developer (Angular / NodeJS / AWS),WUSTL International,https://stacoverflow.com/jobs/518475
React Developer - Are you available for the most recognized sports retailer ?,Pentalog,https://stacoverflow.com/jobs/554216
Senior Full Stack Web Engineer,Runtastic,https://stacoverflow.com/jobs/561448
Senior Full Stack Developer at Kogan.com,We Are Common,https://stacoverflow.com/jobs/531156
Senior Software Engineer,uShip,https://stacoverflow.com/jobs/537938
Software-Entwickler für JavaScript / Node.js Applikationen (m/w/d) [100% Remote,elunic AG,https://stacoverflow.com/jobs/557315
Front-End Web Developer - ArcGIS 3D Scene Viewer,Esri,https://stacoverflow.com/jobs/508672
(Senior) Python Developer (m/f/d),tribe29 GmbH,https://stacoverflow.com/jobs/526671
Senior Front End Engineer (Remote),Slido,https://stacoverflow.com/jobs/519966
Jr. Software Engineer,FieldRoutes,https://stacoverflow.com/jobs/560734
Senior Software Engineer - React Native,uShip,https://stacoverflow.com/jobs/550764
Full Stack Developer (m/f/d),Yalwa GmbH,https://stacoverflow.com/jobs/523538
Software Engineer (Front-End Typescript),Baker Hughes,https://stacoverflow.com/jobs/560596
Senior Software Engineer Web Front-end,ti&m AG,https://stacoverflow.com/jobs/522271
Experienced Front End Engineer,AE nv/sa,https://stacoverflow.com/jobs/523553
Senior Software Engineer Web Front-end,ti&m AG,https://stacoverflow.com/jobs/522252
Senior Software Engineer Web-Front-end / .NET,ti&m AG,https://stacoverflow.com/jobs/522251
Software Allrounder (m/f/d),AnyDesk Software GmbH,https://stacoverflow.com/jobs/564248
Senior Front End Software Engineer - Poker,Gamesys Group,https://stacoverflow.com/jobs/559768
Data Engineer - Where GovTech and FinTech Meet,PayIt,https://stacoverflow.com/jobs/557203
Senior full stack developer,Dynamic Planner,https://stacoverflow.com/jobs/557319
UK-Based Remote Full Stack Web Developer (Angular / NodeJS / AWS),WUSTL International,https://stacoverflow.com/jobs/518475
React Developer - Are you available for the most recognized sports retailer ?,Pentalog,https://stacoverflow.com/jobs/554216
Senior Full Stack Web Engineer,Runtastic,https://stacoverflow.com/jobs/561448
Fullstack Software Developer (m/w/d) Open Source,Technische Universität Graz,https://stacoverflow.com/jobs/555422
Senior Software Engineer (Risk Management),tastyworks,https://stacoverflow.com/jobs/556772
Software-Entwickler für JavaScript / Node.js Applikationen (m/w/d) [100% Remote,elunic AG,https://stacoverflow.com/jobs/557315
Front-End Web Developer - ArcGIS 3D Scene Viewer,Esri,https://stacoverflow.com/jobs/508672
Software Engineer - Web Front-end Product Development,ti&m AG,https://stacoverflow.com/jobs/522335
"Software Engineer, Web Platform [Mercari]",Mercari,https://stacoverflow.com/jobs/562439
Senior Full-Stack Developer,eBay,https://stacoverflow.com/jobs/541472
"Full Stack Software Developer – C#, ASP.NET (m/w/d)",DOM Sicherheitstechnik GmbH & Co. KG,https://stacoverflow.com/jobs/561546
Backend Java Developer,Tradeshift,https://stacoverflow.com/jobs/533090
Backend Developer (m/w/d) remote,best it AG,https://stacoverflow.com/jobs/513393
Senior Full-Stack Developer,eBay,https://stacoverflow.com/jobs/541472
Full Stack Web Developer (m/w/d),EyeC GmbH,https://stacoverflow.com/jobs/408137
Lead Software Engineer (Full Stack),"Jack Henry & Associates, Inc.®",https://stacoverflow.com/jobs/541319
Integration Engineer (m/f/d),plista GmbH,https://stacoverflow.com/jobs/560710
Senior C# .NET Engineer / Developer (m/w/d) | on-site oder remote,Best Secret GmbH,https://stacoverflow.com/jobs/559935
Staff Backend Engineer (US Only),"Pie Insurance Holdings, Inc.",https://stacoverflow.com/jobs/545527
Junior JavaScript developer,SofteqviaInvest Lithuania,https://stacoverflow.com/jobs/543978
"Full Stack Software Developer – C#, ASP.NET (m/w/d)",DOM Sicherheitstechnik GmbH & Co. KG,https://stacoverflow.com/jobs/561546
Backend Developer (m/w/d) remote,best it AG,https://stacoverflow.com/jobs/513393
Software Engineer,Odoo,https://stacoverflow.com/jobs/472421
Remote Experienced Frontend Engineer - React,"TheoremOne, LLC",https://stacoverflow.com/jobs/562427
JAVA DEVELOPER (F/M) FOR JAVA SOFTWARE DEVELOPMENT,Goldbach Group AG,https://stacoverflow.com/jobs/565770
Senior Full Stack Developer - PHP and VueJS (f/m/d),CA Customer Alliance GmbH,https://stacoverflow.com/jobs/528320
Software Engineer - Articulate 360,Articulate Inc.,https://stacoverflow.com/jobs/508367
Intermediate Front-End Developer,Derivco.,https://stacoverflow.com/jobs/528641
C# Developer für Webanwendungen (w/*/m),queo GmbH,https://stacoverflow.com/jobs/522414
Backend Engineer - Tradeshift Engage,Tradeshift,https://stacoverflow.com/jobs/526909
Senior Software Engineer UI,Lendi,https://stacoverflow.com/jobs/566007
Full Stack Mobile Developer (Flutter) (w/m/d),Lotum GmbH,https://stacoverflow.com/jobs/526742
Frontend Developer E-Commerce (m/w/d),Peek & Cloppenburg,https://stacoverflow.com/jobs/565676
Junior Software Engineer,Akselos S.A.,https://stacoverflow.com/jobs/411389
Frontend Entwickler (w/m/d) Angular / Typescript - bundesweit & Homeoffice,objective partner AG,https://stacoverflow.com/jobs/550883
(Junior) Frontend Developer (m/f/d) JavaScript,knowis AG,https://stacoverflow.com/jobs/565774
Senior Front-end Developer,Marketer Technologies AS,https://stacoverflow.com/jobs/541502
Full Stack Webdeveloper (m/f/d),starmobile GmbH,https://stacoverflow.com/jobs/392888
